"﻿"""," الكاتب""",-1,NOT FOUND in master list
", حضنته",1,NOT FOUND in master list
", قلشت",-1,NOT FOUND in master list
", ممل",-1,NOT FOUND in master list
", وفارغة",-1,NOT FOUND in master list
. رائع,1,NOT FOUND in master list
. رواية,1,NOT FOUND in master list
. ظريف,1,NOT FOUND in master list
. ممل,-1,NOT FOUND in master list
. ميستح,-1,NOT FOUND in master list
. ولاهدف,-1,NOT FOUND in master list
( معجبتنيش,-1,NOT FOUND in master list
4 نجوم,1,NOT FOUND in master list
5 نجوم,1,NOT FOUND in master list
أثرت,1,NOT FOUND in master list
أجمل,1,NOT FOUND in master list
أجمل,1,NOT FOUND in master list
أحببت,1,NOT FOUND in master list
أسطوورة,1,NOT FOUND in master list
أسف,-1,NOT FOUND in master list
أصابني بالعطش,-1,NOT FOUND in master list
أفكاره كبيره,1,NOT FOUND in master list
أكيد هرجعلها,1,NOT FOUND in master list
أنها أفضل,1,NOT FOUND in master list
ابدااع,1,NOT FOUND in master list
ابداع,1,NOT FOUND in master list
ابداع بلا,1,NOT FOUND in master list
ابدع,1,NOT FOUND in master list
ابدع,1,NOT FOUND in master list
ابهرتنى,1,NOT FOUND in master list
اجتماعية وتربوية,1,NOT FOUND in master list
اجمل,1,NOT FOUND in master list
اجمل ماقراءت,1,NOT FOUND in master list
احببت,1,NOT FOUND in master list
احببته,1,NOT FOUND in master list
احببتها,1,NOT FOUND in master list
احبتتها,1,NOT FOUND in master list
احلي,1,NOT FOUND in master list
احي الكاتبة,1,NOT FOUND in master list
ادمان,1,NOT FOUND in master list
ارحمونا,-1,NOT FOUND in master list
ارهقتني,-1,NOT FOUND in master list
اروع,1,NOT FOUND in master list
اروع ما,1,NOT FOUND in master list
استطاع,1,NOT FOUND in master list
استظراف,-1,NOT FOUND in master list
استغرب,-1,NOT FOUND in master list
استفدت,1,NOT FOUND in master list
استفزازية,-1,NOT FOUND in master list
استفزتني,-1,NOT FOUND in master list
استفزني,-1,NOT FOUND in master list
استمتعت,1,NOT FOUND in master list
استمتعتش,-1,NOT FOUND in master list
اسخف,-1,NOT FOUND in master list
اسف,-1,NOT FOUND in master list
اسوء,-1,NOT FOUND in master list
اسوء,-1,NOT FOUND in master list
اسوء كتاب,-1,NOT FOUND in master list
اسوء ما,-1,NOT FOUND in master list
اسوا,-1,NOT FOUND in master list
اشمئزازي,-1,NOT FOUND in master list
اشمئزازي كثر,-1,NOT FOUND in master list
اشهى,1,NOT FOUND in master list
اشهى مما,1,NOT FOUND in master list
اضطررت,-1,NOT FOUND in master list
اضعته,-1,NOT FOUND in master list
اضعته في,-1,NOT FOUND in master list
اضعف,-1,NOT FOUND in master list
اطلاقا,-1,NOT FOUND in master list
اعجابي,1,NOT FOUND in master list
اعجبتني,1,NOT FOUND in master list
اعجبتني الرواية,1,NOT FOUND in master list
اعجبنى,1,NOT FOUND in master list
اعجبني,1,NOT FOUND in master list
اعجبني طريقه,1,NOT FOUND in master list
اعشق,1,NOT FOUND in master list
افضل,1,NOT FOUND in master list
افكاره غريبة,-1,NOT FOUND in master list
اقحام,-1,NOT FOUND in master list
اقوى,1,NOT FOUND in master list
اقوى من,1,NOT FOUND in master list
اكثر اثارة,1,NOT FOUND in master list
اكثر من اللزوم,-1,NOT FOUND in master list
الاباحية,-1,NOT FOUND in master list
الابداع,1,NOT FOUND in master list
الاخطاء التاريخية,-1,NOT FOUND in master list
الاروع على,1,NOT FOUND in master list
الاستمتاع,1,NOT FOUND in master list
التفاهه,-1,NOT FOUND in master list
التكرار,-1,NOT FOUND in master list
التكرار تتجلى,-1,NOT FOUND in master list
التمادي,-1,NOT FOUND in master list
التمجيد والمبالغة,-1,NOT FOUND in master list
التمطيط واخيرا,-1,NOT FOUND in master list
الجمال,1,NOT FOUND in master list
الجنس,-1,NOT FOUND in master list
الجنسية,-1,NOT FOUND in master list
الحال,1,NOT FOUND in master list
الحشو,-1,NOT FOUND in master list
الخااصه رائع,1,NOT FOUND in master list
الخيال,1,NOT FOUND in master list
الدهشة,1,NOT FOUND in master list
الذي اضعته,-1,NOT FOUND in master list
الرائع,1,NOT FOUND in master list
الرائعة,1,NOT FOUND in master list
الركاكة,-1,NOT FOUND in master list
الرواية الاجمل,1,NOT FOUND in master list
الرواية الامثل,1,NOT FOUND in master list
الرواية بكتني,1,NOT FOUND in master list
الرواية رائعة,1,NOT FOUND in master list
الروايه جميله,1,NOT FOUND in master list
الروعه,1,NOT FOUND in master list
السخيفة,-1,NOT FOUND in master list
السطحية,-1,NOT FOUND in master list
السوء,-1,NOT FOUND in master list
السيئة,-1,NOT FOUND in master list
السياسية المختلطة,-1,NOT FOUND in master list
الشوق,1,NOT FOUND in master list
الصداع,-1,NOT FOUND in master list
الضايع .,-1,NOT FOUND in master list
الضجة,-1,NOT FOUND in master list
الضجه,-1,NOT FOUND in master list
الطواويس بتطير,-1,NOT FOUND in master list
العبث,-1,NOT FOUND in master list
العبقرية,1,NOT FOUND in master list
الغلطات المنطقية,-1,NOT FOUND in master list
الفارغون,-1,NOT FOUND in master list
الفاظ,-1,NOT FOUND in master list
الفكرة لاتموت,1,NOT FOUND in master list
الفكره جميله,1,NOT FOUND in master list
الفلسفة,1,NOT FOUND in master list
القراءة بجدارة,1,NOT FOUND in master list
القرف,-1,NOT FOUND in master list
الكابة,-1,NOT FOUND in master list
الكتاب اضاف,1,NOT FOUND in master list
الكتاب جميل,1,NOT FOUND in master list
الكتاب حالة,1,NOT FOUND in master list
الكتاب حلو,1,NOT FOUND in master list
الكتاب دةرااائع,1,NOT FOUND in master list
الكتاب رائع,1,NOT FOUND in master list
الكتاب ظريفة,1,NOT FOUND in master list
الكراهية !,-1,NOT FOUND in master list
الكون,1,NOT FOUND in master list
الله عليه,1,NOT FOUND in master list
المؤلف مستظرف,-1,NOT FOUND in master list
المتعة,1,NOT FOUND in master list
المتعفن .,-1,NOT FOUND in master list
المتواضع,-1,NOT FOUND in master list
المثالية,-1,NOT FOUND in master list
المختلطة بخرافات,-1,NOT FOUND in master list
المر,-1,NOT FOUND in master list
المراهقين,-1,NOT FOUND in master list
المفضلة,1,NOT FOUND in master list
المكررة,-1,NOT FOUND in master list
الملل,-1,NOT FOUND in master list
الممتنع,1,NOT FOUND in master list
الممل,-1,NOT FOUND in master list
النجمة الخامسة,1,NOT FOUND in master list
النجمتان,-1,NOT FOUND in master list
النجمتين,-1,NOT FOUND in master list
الهراء,-1,NOT FOUND in master list
الوردي,-1,NOT FOUND in master list
الوزن الخفيف,1,NOT FOUND in master list
الوعظية بالطريقة,-1,NOT FOUND in master list
الوقت الضايع,-1,NOT FOUND in master list
امتع,1,NOT FOUND in master list
امري لله,-1,NOT FOUND in master list
انا غلطان,-1,NOT FOUND in master list
انا ماحب,-1,NOT FOUND in master list
انصح,1,NOT FOUND in master list
انصح به,1,NOT FOUND in master list
انقصت,1,NOT FOUND in master list
اوحش كتاب,-1,NOT FOUND in master list
اوفر,-1,NOT FOUND in master list
اوووي وتعبلي,-1,NOT FOUND in master list
اي حاجة,-1,NOT FOUND in master list
اي شيء جديد,-1,NOT FOUND in master list
اي كلام,-1,NOT FOUND in master list
بائسة,-1,NOT FOUND in master list
باائس,-1,NOT FOUND in master list
باائس بشكل,-1,NOT FOUND in master list
بالغ الكثير,-1,NOT FOUND in master list
بالغلط و,-1,NOT FOUND in master list
بالملل,-1,NOT FOUND in master list
بايخ,-1,NOT FOUND in master list
بتوجع,1,NOT FOUND in master list
بحب,1,NOT FOUND in master list
بخرافات البروفسور,-1,NOT FOUND in master list
بخيبة,-1,NOT FOUND in master list
بداية موفقة,1,NOT FOUND in master list
بدقة,1,NOT FOUND in master list
بدون محتوى,-1,NOT FOUND in master list
بديع,1,NOT FOUND in master list
بديعه !,1,NOT FOUND in master list
بساطة,1,NOT FOUND in master list
بسيط و,1,NOT FOUND in master list
بسيطه ومفيده,1,NOT FOUND in master list
بشع,-1,NOT FOUND in master list
بشعة,-1,NOT FOUND in master list
بشعة هي,-1,NOT FOUND in master list
بضين,-1,NOT FOUND in master list
بضين,-1,NOT FOUND in master list
بطيخ,-1,NOT FOUND in master list
بعثرتني,-1,NOT FOUND in master list
بعضها لذيذه,1,NOT FOUND in master list
بكاني,1,NOT FOUND in master list
بكتني .,1,NOT FOUND in master list
بلا معنى,-1,NOT FOUND in master list
بمراحل,-1,NOT FOUND in master list
بملل,-1,NOT FOUND in master list
بنجمتين,-1,NOT FOUND in master list
بهجة,1,NOT FOUND in master list
بوظت,-1,NOT FOUND in master list
بيبي .,-1,NOT FOUND in master list
بييض,-1,NOT FOUND in master list
تافه,-1,NOT FOUND in master list
تافهة,-1,NOT FOUND in master list
تافهه,-1,NOT FOUND in master list
تتوصفش,1,NOT FOUND in master list
تتوصفش !,1,NOT FOUND in master list
تجنن,1,NOT FOUND in master list
تحفة,1,NOT FOUND in master list
تحففة,1,NOT FOUND in master list
تحففه,1,NOT FOUND in master list
تحفه,1,NOT FOUND in master list
تركه,1,NOT FOUND in master list
تستحق,1,NOT FOUND in master list
تستحق,1,NOT FOUND in master list
تشاؤم ما,-1,NOT FOUND in master list
تشويقا,1,NOT FOUND in master list
تصالح,1,NOT FOUND in master list
تضحك,1,NOT FOUND in master list
تضيع,-1,NOT FOUND in master list
تضييع,-1,NOT FOUND in master list
تعبانة,-1,NOT FOUND in master list
تعجبني النهاية,1,NOT FOUND in master list
تفاهة,-1,NOT FOUND in master list
تفتح النفس,1,NOT FOUND in master list
تفتقر,-1,NOT FOUND in master list
تقتنع,1,NOT FOUND in master list
تقل,1,NOT FOUND in master list
تقليدي,-1,NOT FOUND in master list
تقيلة,-1,NOT FOUND in master list
تكرار,-1,NOT FOUND in master list
تكن قطع,-1,NOT FOUND in master list
تهت,-1,NOT FOUND in master list
توحفه,1,NOT FOUND in master list
توصف بكلمات,1,NOT FOUND in master list
توقعتها,-1,NOT FOUND in master list
ثقالة,-1,NOT FOUND in master list
ثقالة دم,-1,NOT FOUND in master list
جاحدة,1,NOT FOUND in master list
جامدة,1,NOT FOUND in master list
جبارة,1,NOT FOUND in master list
جد نافع,1,NOT FOUND in master list
جدير,1,NOT FOUND in master list
جديرة,1,NOT FOUND in master list
جذبتني كثيرا,1,NOT FOUND in master list
جمال,1,NOT FOUND in master list
جميل,1,NOT FOUND in master list
جميل الكتاب,1,NOT FOUND in master list
جميل جدا,1,NOT FOUND in master list
جميل لكن,-1,NOT FOUND in master list
جميل و,1,NOT FOUND in master list
جميلا,1,NOT FOUND in master list
جميلة,1,NOT FOUND in master list
جميلة جدا,1,NOT FOUND in master list
جميلة هذه,1,NOT FOUND in master list
جميلة ولكن,1,NOT FOUND in master list
جميله,1,NOT FOUND in master list
جمييل,1,NOT FOUND in master list
جمييلة,1,NOT FOUND in master list
جميييلة,1,NOT FOUND in master list
جنس,-1,NOT FOUND in master list
جنسية,-1,NOT FOUND in master list
جو كئيب,-1,NOT FOUND in master list
جيد الكتاب,1,NOT FOUND in master list
جيد جدا,1,NOT FOUND in master list
جيدة جدا,1,NOT FOUND in master list
جيده,1,NOT FOUND in master list
جييد,1,NOT FOUND in master list
جييد لانه,1,NOT FOUND in master list
حاجات كتير,1,NOT FOUND in master list
حاجة حلوة,1,NOT FOUND in master list
حاجة غلط,-1,NOT FOUND in master list
حببت الرواية,1,NOT FOUND in master list
حببته,1,NOT FOUND in master list
حببتها,1,NOT FOUND in master list
حبيبى !,1,NOT FOUND in master list
حبيت,1,NOT FOUND in master list
حبيته,1,NOT FOUND in master list
حبيتها,1,NOT FOUND in master list
حبييت,1,NOT FOUND in master list
حشو,-1,NOT FOUND in master list
حقير,-1,NOT FOUND in master list
حلو,1,NOT FOUND in master list
حلوه,1,NOT FOUND in master list
حلوو,1,NOT FOUND in master list
حلى,1,NOT FOUND in master list
حياتى كسمين,-1,NOT FOUND in master list
حين,1,NOT FOUND in master list
خاب,-1,NOT FOUND in master list
خرا,-1,NOT FOUND in master list
خرا,-1,NOT FOUND in master list
خرة زى,-1,NOT FOUND in master list
خرى !,-1,NOT FOUND in master list
خسارة,-1,NOT FOUND in master list
خساره الوقت,-1,NOT FOUND in master list
خفيف لطيف,1,NOT FOUND in master list
خفيف و,1,NOT FOUND in master list
خفيف ولطيف,1,NOT FOUND in master list
خفيف ومش,1,NOT FOUND in master list
خفيفة,1,NOT FOUND in master list
خفيفة وابهرتنى,1,NOT FOUND in master list
خلصت ?,-1,NOT FOUND in master list
خلصتها للأخر,1,NOT FOUND in master list
خلطبيطة,-1,NOT FOUND in master list
خيالي !,1,NOT FOUND in master list
خيب,-1,NOT FOUND in master list
خيبة,-1,NOT FOUND in master list
خيبة أمل,-1,NOT FOUND in master list
خيبت,-1,NOT FOUND in master list
دائما,1,NOT FOUND in master list
دةرااائع,1,NOT FOUND in master list
دراية قوية,1,NOT FOUND in master list
دمااغ,1,NOT FOUND in master list
دمه خفيف,1,NOT FOUND in master list
دمها خفيف,1,NOT FOUND in master list
ده خضني,-1,NOT FOUND in master list
دوشة فكرية,-1,NOT FOUND in master list
ذهلة,1,NOT FOUND in master list
رائئئع,1,NOT FOUND in master list
رائع,1,NOT FOUND in master list
رائعة,1,NOT FOUND in master list
رائعه,1,NOT FOUND in master list
رائغة,1,NOT FOUND in master list
راائع,1,NOT FOUND in master list
راائعة,1,NOT FOUND in master list
راائعه,1,NOT FOUND in master list
رااائع,1,NOT FOUND in master list
رااائعه,1,NOT FOUND in master list
راايق,1,NOT FOUND in master list
راغى,-1,NOT FOUND in master list
راقت لي,1,NOT FOUND in master list
راقية,1,NOT FOUND in master list
رحمة الله,1,NOT FOUND in master list
رخمااه,-1,NOT FOUND in master list
رخيصة,-1,NOT FOUND in master list
رديئة,-1,NOT FOUND in master list
ررائع,1,NOT FOUND in master list
رغم روعتهاا,1,NOT FOUND in master list
رغي,-1,NOT FOUND in master list
رفيق النوم,1,NOT FOUND in master list
رقيق,1,NOT FOUND in master list
رقيقة,1,NOT FOUND in master list
ركيك,-1,NOT FOUND in master list
ركيكة,-1,NOT FOUND in master list
رهيب,1,NOT FOUND in master list
رهيبة,1,NOT FOUND in master list
رهيبه,1,NOT FOUND in master list
رواية,1,NOT FOUND in master list
رواية تستحق,1,NOT FOUND in master list
رواية جميلة,1,NOT FOUND in master list
رواية جيدة,1,NOT FOUND in master list
رواية خايبة,-1,NOT FOUND in master list
رواية رائعة,1,NOT FOUND in master list
رواية كئيبة,-1,NOT FOUND in master list
رواية محبطة,-1,NOT FOUND in master list
رواية مشوقة,1,NOT FOUND in master list
رواية ممتعة,1,NOT FOUND in master list
رواية مملة,-1,NOT FOUND in master list
روايةرائعة,1,NOT FOUND in master list
روعة,1,NOT FOUND in master list
روعتها,1,NOT FOUND in master list
روعتهاا,1,NOT FOUND in master list
روعه,1,NOT FOUND in master list
روعه,1,NOT FOUND in master list
رووعة,1,NOT FOUND in master list
روووعه,1,NOT FOUND in master list
زبالة,-1,NOT FOUND in master list
زباله,-1,NOT FOUND in master list
زفت,-1,NOT FOUND in master list
زهقت,-1,NOT FOUND in master list
زيادة عن اللزوم,-1,NOT FOUND in master list
سئ,-1,NOT FOUND in master list
سابق لعصره,1,NOT FOUND in master list
ساحرة,1,NOT FOUND in master list
ساخرة ومميزة,1,NOT FOUND in master list
ساذج,-1,NOT FOUND in master list
ساذجة,-1,NOT FOUND in master list
ستمتعت,1,NOT FOUND in master list
سخف,-1,NOT FOUND in master list
سخيف,-1,NOT FOUND in master list
سخيفة,-1,NOT FOUND in master list
سخييف,-1,NOT FOUND in master list
سد نفسي,-1,NOT FOUND in master list
سطحي,-1,NOT FOUND in master list
سطحية,-1,NOT FOUND in master list
سطحيه,-1,NOT FOUND in master list
سعيدة,1,NOT FOUND in master list
سف,-1,NOT FOUND in master list
سفسطة,-1,NOT FOUND in master list
سلبية,-1,NOT FOUND in master list
سلة المهملات,-1,NOT FOUND in master list
سلوبه قوى,1,NOT FOUND in master list
سمعت,-1,NOT FOUND in master list
سهل,1,NOT FOUND in master list
سهلة,1,NOT FOUND in master list
سوء,-1,NOT FOUND in master list
سوء,-1,NOT FOUND in master list
سوداء اللهم,-1,NOT FOUND in master list
سوداوية,-1,NOT FOUND in master list
سورى,-1,NOT FOUND in master list
سىء,-1,NOT FOUND in master list
سيء,-1,NOT FOUND in master list
سيئ,-1,NOT FOUND in master list
سيئا,-1,NOT FOUND in master list
سيئة,-1,NOT FOUND in master list
سيئه,-1,NOT FOUND in master list
سيرة حلوة,1,NOT FOUND in master list
سييئة,-1,NOT FOUND in master list
سييئة للغاية,-1,NOT FOUND in master list
شاعر الصعاليك,-1,NOT FOUND in master list
شغااال,1,NOT FOUND in master list
شكر,1,NOT FOUND in master list
شكرا,1,NOT FOUND in master list
شكلها باظت,-1,NOT FOUND in master list
شيء جمل,1,NOT FOUND in master list
شيق,1,NOT FOUND in master list
شيقة,1,NOT FOUND in master list
صادقة,1,NOT FOUND in master list
صجه اكبر,-1,NOT FOUND in master list
صدقت,1,NOT FOUND in master list
صدمت,-1,NOT FOUND in master list
صدمتي,-1,NOT FOUND in master list
صفر,-1,NOT FOUND in master list
صيت اكثر,-1,NOT FOUND in master list
ضايقتني,-1,NOT FOUND in master list
ضجة,-1,NOT FOUND in master list
ضجه,-1,NOT FOUND in master list
ضحك,1,NOT FOUND in master list
ضحية,-1,NOT FOUND in master list
ضعف,-1,NOT FOUND in master list
ضعيف,-1,NOT FOUND in master list
ضعيفة,-1,NOT FOUND in master list
ضيع,-1,NOT FOUND in master list
ضيعت وقتي,-1,NOT FOUND in master list
طفشتني,-1,NOT FOUND in master list
طلاسم,-1,NOT FOUND in master list
طلاسم .,-1,NOT FOUND in master list
طويلة جدا,-1,NOT FOUND in master list
ظريف معقول,1,NOT FOUND in master list
عاادي,-1,NOT FOUND in master list
عاجبنى,1,NOT FOUND in master list
عادي,-1,NOT FOUND in master list
عادي جدا,-1,NOT FOUND in master list
عادية,-1,NOT FOUND in master list
عادية جدا,-1,NOT FOUND in master list
عاديه,-1,NOT FOUND in master list
عاديه جدا,-1,NOT FOUND in master list
عالميه,1,NOT FOUND in master list
عبقرى,1,NOT FOUND in master list
عبقري,1,NOT FOUND in master list
عبقرية,1,NOT FOUND in master list
عبقريه,1,NOT FOUND in master list
عبيط,-1,NOT FOUND in master list
عجبتني,1,NOT FOUND in master list
عجبتني جدا,1,NOT FOUND in master list
عجبنى اوى,1,NOT FOUND in master list
عجبني,1,NOT FOUND in master list
عجبني الكتاب,1,NOT FOUND in master list
عجبني جدا,1,NOT FOUND in master list
عجبني كثيرا,1,NOT FOUND in master list
عجبى,1,NOT FOUND in master list
عجبي,1,NOT FOUND in master list
عشق,1,NOT FOUND in master list
عشقت,1,NOT FOUND in master list
عشقتها,1,NOT FOUND in master list
عظيم,1,NOT FOUND in master list
عظيمة,1,NOT FOUND in master list
عظيمم,1,NOT FOUND in master list
عمارة مر,-1,NOT FOUND in master list
عميق,1,NOT FOUND in master list
عميقة,1,NOT FOUND in master list
عمييق,1,NOT FOUND in master list
عودة,1,NOT FOUND in master list
عودة الغائب,1,NOT FOUND in master list
غبي,-1,NOT FOUND in master list
غلطان انى,-1,NOT FOUND in master list
غلطة,-1,NOT FOUND in master list
غلطة عمري,-1,NOT FOUND in master list
غني,1,NOT FOUND in master list
غير حياتى,1,NOT FOUND in master list
غير عادية,1,NOT FOUND in master list
غير مترابطة,-1,NOT FOUND in master list
غير متوقعة,1,NOT FOUND in master list
غير متوقعه,1,NOT FOUND in master list
غير مفيد,-1,NOT FOUND in master list
غير مقنع,-1,NOT FOUND in master list
غير مملة,1,NOT FOUND in master list
غير منطقية,-1,NOT FOUND in master list
غير موفقة,-1,NOT FOUND in master list
فادني,1,NOT FOUND in master list
فاشل,-1,NOT FOUND in master list
فاشلة,-1,NOT FOUND in master list
فاضى,-1,NOT FOUND in master list
فاكس,-1,NOT FOUND in master list
فتنة سوداء,-1,NOT FOUND in master list
فج,-1,NOT FOUND in master list
فريدة,1,NOT FOUND in master list
فريده,1,NOT FOUND in master list
فشل,-1,NOT FOUND in master list
فضل كتاب,1,NOT FOUND in master list
فعلا ندماان,-1,NOT FOUND in master list
فقيع,-1,NOT FOUND in master list
فكرته حلوة,1,NOT FOUND in master list
فنان,1,NOT FOUND in master list
في البؤس,-1,NOT FOUND in master list
في السذاجة,-1,NOT FOUND in master list
فيه تكرار,-1,NOT FOUND in master list
فيها فكرة,1,NOT FOUND in master list
قاسى جداا,-1,NOT FOUND in master list
قاسية,1,NOT FOUND in master list
قتلت القصة,-1,NOT FOUND in master list
قد لاتستحق,-1,NOT FOUND in master list
قدراتى العقليه,-1,NOT FOUND in master list
قرارية,-1,NOT FOUND in master list
قصة جميلة,1,NOT FOUND in master list
قصص اعجبتني,1,NOT FOUND in master list
قصص خفيفة,1,NOT FOUND in master list
قلبي,1,NOT FOUND in master list
قلشت منك,-1,NOT FOUND in master list
قليل المعلومات,-1,NOT FOUND in master list
قمة,1,NOT FOUND in master list
قيم,1,NOT FOUND in master list
قيم,1,NOT FOUND in master list
قيمة,-1,NOT FOUND in master list
كئيب,-1,NOT FOUND in master list
كئيب جدا,-1,NOT FOUND in master list
كئيبة,-1,NOT FOUND in master list
كئيبة جدا,-1,NOT FOUND in master list
كئيبة وسلبية,-1,NOT FOUND in master list
كئيبه,-1,NOT FOUND in master list
كاتب,-1,NOT FOUND in master list
كامل 10/10,1,NOT FOUND in master list
كان جميلا,1,NOT FOUND in master list
كان يجدر,-1,NOT FOUND in master list
كانت محتاجة,-1,NOT FOUND in master list
كبيرة بمحتواها,1,NOT FOUND in master list
كتااب,1,NOT FOUND in master list
كتاب باائس,-1,NOT FOUND in master list
كتاب بضين,-1,NOT FOUND in master list
كتاب جيد,1,NOT FOUND in master list
كتاب جييد,1,NOT FOUND in master list
كتاب حلو,1,NOT FOUND in master list
كتاب خرة,-1,NOT FOUND in master list
كتاب رائع,1,NOT FOUND in master list
كتاب فقيع,-1,NOT FOUND in master list
كتاب قيم,1,NOT FOUND in master list
كتاب متطرف,-1,NOT FOUND in master list
كتاب ممتع,1,NOT FOUND in master list
كتاب ممل,-1,NOT FOUND in master list
كتاب يستحق,1,NOT FOUND in master list
كتابي,1,NOT FOUND in master list
كتير جدا,-1,NOT FOUND in master list
كره,-1,NOT FOUND in master list
كرهت,-1,NOT FOUND in master list
كرهتها,-1,NOT FOUND in master list
كسمين سابق,-1,NOT FOUND in master list
كلمات جميلة,1,NOT FOUND in master list
كويس,1,NOT FOUND in master list
كويسة,1,NOT FOUND in master list
لأسف,-1,NOT FOUND in master list
لا أحب,-1,NOT FOUND in master list
لا أحبه,-1,NOT FOUND in master list
لا أكثر,-1,NOT FOUND in master list
لا انصح,-1,NOT FOUND in master list
لا انكر,-1,NOT FOUND in master list
لا ترقى,-1,NOT FOUND in master list
لا تستحق,-1,NOT FOUND in master list
لا تليق,-1,NOT FOUND in master list
لا جديد,-1,NOT FOUND in master list
لا داعي,-1,NOT FOUND in master list
لا شئ,-1,NOT FOUND in master list
لا فهم,-1,NOT FOUND in master list
لا نصح,-1,NOT FOUND in master list
لا يستحق,-1,NOT FOUND in master list
لا يمل,1,NOT FOUND in master list
لا يوصف,1,NOT FOUND in master list
لاتستحق,-1,NOT FOUND in master list
لاتستحق عناء,-1,NOT FOUND in master list
لاجديد,-1,NOT FOUND in master list
لبست عميقة,-1,NOT FOUND in master list
لجمالية لغتها,1,NOT FOUND in master list
لدرجة الصعوبة,-1,NOT FOUND in master list
لذيذ,1,NOT FOUND in master list
لطالما,1,NOT FOUND in master list
لطيف,1,NOT FOUND in master list
لطيف جدا,1,NOT FOUND in master list
لطيفة,1,NOT FOUND in master list
لغة شعرية,1,NOT FOUND in master list
لغة قمة,1,NOT FOUND in master list
لكنه مقبول,1,NOT FOUND in master list
لكنها كئيبة,-1,NOT FOUND in master list
للابداع,1,NOT FOUND in master list
للاسف,-1,NOT FOUND in master list
للامال,-1,NOT FOUND in master list
للحب,1,NOT FOUND in master list
للقبح,-1,NOT FOUND in master list
للمبتدئين,-1,NOT FOUND in master list
للمراهقين,-1,NOT FOUND in master list
لم أكملها,-1,NOT FOUND in master list
لم احب,-1,NOT FOUND in master list
لم ارتاح,-1,NOT FOUND in master list
لم استطع اكمالها,-1,NOT FOUND in master list
لم استمتع,-1,NOT FOUND in master list
لم استمتع,-1,NOT FOUND in master list
لم افهم,-1,NOT FOUND in master list
لم ترق,-1,NOT FOUND in master list
لم تعجبنى,-1,NOT FOUND in master list
لم تعجبني,-1,NOT FOUND in master list
لم حبها,-1,NOT FOUND in master list
لم نفترق,1,NOT FOUND in master list
لم يجذبني,-1,NOT FOUND in master list
لم يرق,-1,NOT FOUND in master list
لم يعجبنى,-1,NOT FOUND in master list
لم يعجبني,-1,NOT FOUND in master list
ليس اكثر,-1,NOT FOUND in master list
ليست بالروعة,-1,NOT FOUND in master list
ليست بقدر,-1,NOT FOUND in master list
مؤثر,1,NOT FOUND in master list
مؤثرة,1,NOT FOUND in master list
ما استمتعتش,-1,NOT FOUND in master list
ما انصح,-1,NOT FOUND in master list
ما تتوصفش,1,NOT FOUND in master list
ما حبيتها,-1,NOT FOUND in master list
ما عجبتني,-1,NOT FOUND in master list
ما عجبني,-1,NOT FOUND in master list
ما كلمتهاش,-1,NOT FOUND in master list
ماتحمست,-1,NOT FOUND in master list
ماتحمست معها,-1,NOT FOUND in master list
ماحب,-1,NOT FOUND in master list
ماحبيت,-1,NOT FOUND in master list
ماحبيته,-1,NOT FOUND in master list
ماحبيتها,-1,NOT FOUND in master list
ماحبيتها وكفى,-1,NOT FOUND in master list
ماساه,-1,NOT FOUND in master list
ماعجبتنيش,-1,NOT FOUND in master list
ماعجبني,-1,NOT FOUND in master list
ماعجبنيش,-1,NOT FOUND in master list
ماكان ممتع,-1,NOT FOUND in master list
مايفوق,-1,NOT FOUND in master list
مبالغة,-1,NOT FOUND in master list
مبتدئين,-1,NOT FOUND in master list
مبتذل,-1,NOT FOUND in master list
مبتذلة,-1,NOT FOUND in master list
مبحبش,-1,NOT FOUND in master list
مبدع,1,NOT FOUND in master list
مبدعة,1,NOT FOUND in master list
مبسط,1,NOT FOUND in master list
مبهر,1,NOT FOUND in master list
متدني,-1,NOT FOUND in master list
متع,1,NOT FOUND in master list
متعبة,-1,NOT FOUND in master list
متعبة جدا,-1,NOT FOUND in master list
متعة,1,NOT FOUND in master list
متكررة,-1,NOT FOUND in master list
متواضعة,-1,NOT FOUND in master list
متوسطة,-1,NOT FOUND in master list
متوقعة واعتيادية,-1,NOT FOUND in master list
مثيرة,1,NOT FOUND in master list
محبتش,-1,NOT FOUND in master list
محبتهاش,-1,NOT FOUND in master list
محبتهوش,-1,NOT FOUND in master list
محبتوش,-1,NOT FOUND in master list
محبط,-1,NOT FOUND in master list
محتوى,-1,NOT FOUND in master list
محشو,-1,NOT FOUND in master list
محفز,1,NOT FOUND in master list
مختصره جدا,-1,NOT FOUND in master list
مختلفة,1,NOT FOUND in master list
مخيب,-1,NOT FOUND in master list
مدهشة,1,NOT FOUND in master list
مذهل,1,NOT FOUND in master list
مذهلة,1,NOT FOUND in master list
مذهلة لكن,1,NOT FOUND in master list
مذهله,1,NOT FOUND in master list
مرجعية جيدة,1,NOT FOUND in master list
مزودها شوية,-1,NOT FOUND in master list
مستظرف,-1,NOT FOUND in master list
مستظرف عالاخر,-1,NOT FOUND in master list
مستفدتش,-1,NOT FOUND in master list
مستفز,-1,NOT FOUND in master list
مستفزة,-1,NOT FOUND in master list
مستمتعتش,-1,NOT FOUND in master list
مستهلكة,-1,NOT FOUND in master list
مسخرة,1,NOT FOUND in master list
مسلي ),1,NOT FOUND in master list
مش اوي,-1,NOT FOUND in master list
مش باقتنع,-1,NOT FOUND in master list
مش راغى,1,NOT FOUND in master list
مش لمة,1,NOT FOUND in master list
مشوق,1,NOT FOUND in master list
مضيعة,-1,NOT FOUND in master list
مع احترامي,-1,NOT FOUND in master list
معاني,1,NOT FOUND in master list
معجبتنيش,-1,NOT FOUND in master list
معجبتنيش ),-1,NOT FOUND in master list
معجبنيش,-1,NOT FOUND in master list
معجتنيش,-1,NOT FOUND in master list
مغالطات,-1,NOT FOUND in master list
مغرقة,-1,NOT FOUND in master list
مغرقه بالتشاؤم,-1,NOT FOUND in master list
مفيد,1,NOT FOUND in master list
مفيد جدا,1,NOT FOUND in master list
مفيدة,1,NOT FOUND in master list
مقتنعتش !,-1,NOT FOUND in master list
مقدرتش,-1,NOT FOUND in master list
مقرفة,-1,NOT FOUND in master list
مقرفه جدا,-1,NOT FOUND in master list
مقزز,-1,NOT FOUND in master list
مقززة,-1,NOT FOUND in master list
مقلب,-1,NOT FOUND in master list
مكرر,-1,NOT FOUND in master list
مكررة,-1,NOT FOUND in master list
مكرره,-1,NOT FOUND in master list
مكملتوش,-1,NOT FOUND in master list
ملحمة,1,NOT FOUND in master list
ملل,-1,NOT FOUND in master list
مللت,-1,NOT FOUND in master list
ملهم,1,NOT FOUND in master list
ملهمة,1,NOT FOUND in master list
ملهمه,1,NOT FOUND in master list
ملىء بالشجن,1,NOT FOUND in master list
مليئ بنظريات,-1,NOT FOUND in master list
مليت,-1,NOT FOUND in master list
ممتاز,1,NOT FOUND in master list
ممتازة,1,NOT FOUND in master list
ممتع,1,NOT FOUND in master list
ممتع جدا,1,NOT FOUND in master list
ممتع ورشيق,1,NOT FOUND in master list
ممتع يشكر,1,NOT FOUND in master list
ممتعا,1,NOT FOUND in master list
ممتعة,1,NOT FOUND in master list
ممتعه,1,NOT FOUND in master list
ممطوطة الاحداث,-1,NOT FOUND in master list
ممل,-1,NOT FOUND in master list
ممل جدا,-1,NOT FOUND in master list
مملة,-1,NOT FOUND in master list
مملة جدا,-1,NOT FOUND in master list
مملل,-1,NOT FOUND in master list
ممله,-1,NOT FOUND in master list
مميز,1,NOT FOUND in master list
مميزة,1,NOT FOUND in master list
مميزه,1,NOT FOUND in master list
من أروع,1,NOT FOUND in master list
من االازم,-1,NOT FOUND in master list
من اجمل,1,NOT FOUND in master list
من اجمل,1,NOT FOUND in master list
من اسوا,-1,NOT FOUND in master list
من افضل,1,NOT FOUND in master list
من الاخر,1,NOT FOUND in master list
من الفوائد,1,NOT FOUND in master list
من رائع,1,NOT FOUND in master list
من روائع,1,NOT FOUND in master list
من سوء,-1,NOT FOUND in master list
من غبى,-1,NOT FOUND in master list
من نجمة,-1,NOT FOUND in master list
منطقية,-1,NOT FOUND in master list
منقول,-1,NOT FOUND in master list
مهم,1,NOT FOUND in master list
مهمة,1,NOT FOUND in master list
موسوعة,1,NOT FOUND in master list
ميستحق,-1,NOT FOUND in master list
مينفعش متتقريش,1,NOT FOUND in master list
نايس,1,NOT FOUND in master list
نبؤة,1,NOT FOUND in master list
نجمة واحدة,-1,NOT FOUND in master list
نجمتان,-1,NOT FOUND in master list
نجمتين,-1,NOT FOUND in master list
نجمه,-1,NOT FOUND in master list
نجوم للقبح,-1,NOT FOUND in master list
ندم,-1,NOT FOUND in master list
ندم الواقعي,1,NOT FOUND in master list
ندماان,-1,NOT FOUND in master list
ندماان اني,-1,NOT FOUND in master list
ندمان,-1,NOT FOUND in master list
ندمان عليها,-1,NOT FOUND in master list
ندمت,-1,NOT FOUND in master list
نسيان محتويات,-1,NOT FOUND in master list
نمطية جدا,-1,NOT FOUND in master list
نهاية صادمة,-1,NOT FOUND in master list
نهايه رخمااه,-1,NOT FOUND in master list
هاايل,1,NOT FOUND in master list
هايلة,1,NOT FOUND in master list
هذا فراق,-1,NOT FOUND in master list
هذي والله,-1,NOT FOUND in master list
هذيان,-1,NOT FOUND in master list
هراء,-1,NOT FOUND in master list
و حزينة,-1,NOT FOUND in master list
و خرى,-1,NOT FOUND in master list
و دوشة,-1,NOT FOUND in master list
و مش,1,NOT FOUND in master list
و ممطوطة,-1,NOT FOUND in master list
و ندمان,-1,NOT FOUND in master list
و هيصة,-1,NOT FOUND in master list
و وميستاهل,-1,NOT FOUND in master list
و ياليتني,-1,NOT FOUND in master list
وابهرتنى قصة,1,NOT FOUND in master list
واحداثها جذبتني,1,NOT FOUND in master list
واخر,-1,NOT FOUND in master list
واعتيادية !,-1,NOT FOUND in master list
واقعي,1,NOT FOUND in master list
واقعية,1,NOT FOUND in master list
والمبالغة,-1,NOT FOUND in master list
والمبالغة الكثير,-1,NOT FOUND in master list
وبه فائدة,1,NOT FOUND in master list
وتستحق,1,NOT FOUND in master list
وتعبلي,-1,NOT FOUND in master list
وتعبلي اعصابي,-1,NOT FOUND in master list
وجعلك تصدقها,-1,NOT FOUND in master list
وجميل,1,NOT FOUND in master list
وحشة,-1,NOT FOUND in master list
وحششة,-1,NOT FOUND in master list
وحشه اوي,-1,NOT FOUND in master list
وخفيف,1,NOT FOUND in master list
ودي,-1,NOT FOUND in master list
ورائع,1,NOT FOUND in master list
ورائعة,1,NOT FOUND in master list
وزهقت,-1,NOT FOUND in master list
وسلبية جدا,-1,NOT FOUND in master list
وضجة,-1,NOT FOUND in master list
وفارغة .,-1,NOT FOUND in master list
وقتك,-1,NOT FOUND in master list
وقتك الكثير,-1,NOT FOUND in master list
وقح,-1,NOT FOUND in master list
وكم بشعة,-1,NOT FOUND in master list
ولا أنصح,-1,NOT FOUND in master list
ولا احلى,1,NOT FOUND in master list
ولا يستحق,-1,NOT FOUND in master list
ولاهدف,-1,NOT FOUND in master list
ولاهدف من,-1,NOT FOUND in master list
ولذيذ,1,NOT FOUND in master list
ومش ملل,1,NOT FOUND in master list
ومشكلة التكرار,-1,NOT FOUND in master list
وممتع,1,NOT FOUND in master list
وممتعة,1,NOT FOUND in master list
وممتعه,1,NOT FOUND in master list
وممل,-1,NOT FOUND in master list
ومملة,-1,NOT FOUND in master list
وميستاهل,-1,NOT FOUND in master list
وميستاهلش,-1,NOT FOUND in master list
ونهايتها كئيبة,-1,NOT FOUND in master list
ويستحق,1,NOT FOUND in master list
يا خسارة,-1,NOT FOUND in master list
يارتنى ماكنت,-1,NOT FOUND in master list
يتكلم نسكت,1,NOT FOUND in master list
يجنن,1,NOT FOUND in master list
يحبس الانفاس,1,NOT FOUND in master list
يحدث,1,NOT FOUND in master list
يحمل,-1,NOT FOUND in master list
يخخ,-1,NOT FOUND in master list
يرقى,1,NOT FOUND in master list
يستاهل,1,NOT FOUND in master list
يستحق,1,NOT FOUND in master list
يستحق القراءة,1,NOT FOUND in master list
يستحق القراءه,1,NOT FOUND in master list
يضر,-1,NOT FOUND in master list
يعجبه,-1,NOT FOUND in master list
يفتقد,-1,NOT FOUND in master list
يفتقر,-1,NOT FOUND in master list
يقنعني بموهبة,-1,NOT FOUND in master list
ينجح,1,NOT FOUND in master list
